<?xml version="1.0" encoding="UTF-8"?>
<project-private xmlns="http://www.netbeans.org/ns/project-private/1">
    <editor-bookmarks xmlns="http://www.netbeans.org/ns/editor-bookmarks/2" lastBookmarkId="0"/>
    <open-files xmlns="http://www.netbeans.org/ns/projectui-open-files/2">
        <group>
            <file>file:/Users/mmathews/Documents/MPLABXProjects/Sensor_Controller.X/main.c</file>
            <file>file:/Users/mmathews/Documents/MPLABXProjects/Sensor_Controller.X/mcc_generated_files/i2c_host/i2c_host_event_types.h</file>
        </group>
    </open-files>
</project-private>
